-- phpMyAdmin SQL Dump
-- version 5.0.4
-- https://www.phpmyadmin.net/
--
-- Host: 127.0.0.1
-- Generation Time: Mar 05, 2021 at 11:10 PM
-- Server version: 10.4.17-MariaDB
-- PHP Version: 8.0.0

SET SQL_MODE = "NO_AUTO_VALUE_ON_ZERO";
START TRANSACTION;
SET time_zone = "+00:00";


/*!40101 SET @OLD_CHARACTER_SET_CLIENT=@@CHARACTER_SET_CLIENT */;
/*!40101 SET @OLD_CHARACTER_SET_RESULTS=@@CHARACTER_SET_RESULTS */;
/*!40101 SET @OLD_COLLATION_CONNECTION=@@COLLATION_CONNECTION */;
/*!40101 SET NAMES utf8mb4 */;

--
-- Database: `pessdb`
--

-- --------------------------------------------------------

--
-- Table structure for table `dispatch`
--

CREATE TABLE `dispatch` (
  `incident_id` int(11) NOT NULL,
  `patrolcar_id` varchar(10) NOT NULL,
  `time_dispatched` datetime NOT NULL,
  `time_arrived` datetime DEFAULT NULL,
  `time_completed` datetime DEFAULT NULL
) ENGINE=InnoDB DEFAULT CHARSET=latin1;

--
-- Dumping data for table `dispatch`
--

INSERT INTO `dispatch` (`incident_id`, `patrolcar_id`, `time_dispatched`, `time_arrived`, `time_completed`) VALUES
(1, 'QX9844M', '2021-03-01 18:25:19', '2021-03-01 19:30:16', '2021-03-01 19:30:40'),
(2, 'QX2153B', '2021-03-01 19:57:08', '2021-03-01 20:20:36', '2021-03-01 20:41:18'),
(3, 'QX1141A', '2021-03-01 20:34:41', '2021-03-01 20:50:29', '2021-03-01 20:57:15'),
(4, 'QX2153B', '2021-03-01 20:56:06', '2021-03-01 21:13:32', '2021-03-01 21:14:20'),
(5, 'QX2371A', '2021-03-01 22:33:24', '2021-03-01 22:34:05', '2021-03-01 22:47:12'),
(6, 'QX1141A', '2021-03-02 15:39:34', '2021-03-02 15:44:53', '2021-03-02 16:39:56'),
(7, 'QX2371A', '2021-03-02 15:42:35', '2021-03-02 15:48:57', '2021-03-02 17:51:00'),
(8, 'QX4377P', '2021-03-03 03:22:53', '2021-03-03 04:07:28', '2021-03-03 04:41:17'),
(9, 'QX5322G', '2021-03-03 08:16:15', '2021-03-03 08:30:42', '2021-03-03 09:05:31'),
(10, 'QX4535F', '2021-03-03 11:32:27', '2021-03-03 11:47:32', '2021-03-03 12:24:35'),
(11, 'QX1141A', '2021-03-03 14:35:33', '2021-03-03 15:02:39', '2021-03-03 15:36:42'),
(12, 'QX5312C', '2021-03-03 18:18:40', '2021-03-03 18:45:44', '2021-03-03 21:10:47'),
(13, 'QX2153B', '2021-03-03 21:50:36', '2021-03-03 22:21:50', '2021-03-03 03:46:15'),
(14, 'QX4377P', '2021-03-04 12:17:24', '2021-03-04 12:32:50', '2021-03-04 16:05:01'),
(15, 'QX4812L', '2021-03-04 16:18:20', '2021-03-04 17:27:10', '2021-03-04 18:09:19'),
(16, 'QX5322G', '2021-03-04 22:30:18', '2021-03-04 22:52:30', '2021-03-04 23:20:33'),
(17, 'QX5312C', '2021-03-05 03:55:16', '2021-03-05 04:08:07', '2021-03-05 04:20:47'),
(18, 'QX9844M', '2021-03-05 08:58:21', '2021-03-05 09:17:21', '2021-03-05 09:38:31'),
(19, 'QX1141A', '2021-03-05 14:15:57', '2021-03-05 14:17:18', '2021-03-06 15:24:41');

-- --------------------------------------------------------

--
-- Table structure for table `incident`
--

CREATE TABLE `incident` (
  `incident_id` int(11) NOT NULL,
  `caller_name` varchar(30) NOT NULL,
  `phone_number` varchar(10) NOT NULL,
  `incident_type_id` varchar(3) NOT NULL,
  `incident_location` varchar(50) NOT NULL,
  `incident_desc` varchar(100) NOT NULL,
  `incident_status_id` varchar(1) NOT NULL,
  `time_called` datetime NOT NULL
) ENGINE=InnoDB DEFAULT CHARSET=latin1;

--
-- Dumping data for table `incident`
--

INSERT INTO `incident` (`incident_id`, `caller_name`, `phone_number`, `incident_type_id`, `incident_location`, `incident_desc`, `incident_status_id`, `time_called`) VALUES
(1, 'David', '81118111', '010', 'Jurong', 'Fire at Jurong', '3', '2021-03-01 18:25:19'),
(2, 'James', '82228222', '080', 'CCK', 'Fighting at CCK', '3', '2021-03-01 19:57:08'),
(3, 'Allen', '83339333', '010', 'Bukit Gombak', 'Fire at Bukit Gombak', '3', '2021-03-01 20:34:41'),
(4, 'Jeremy', '84448444', '040', 'Bukit Batok', 'Domestic Violence at Bukit Batok', '3', '2021-03-01 20:56:06'),
(5, 'Desmond', '85558555', '030', 'Bukit Batok', 'Theft at Bukit Batok', '3', '2021-03-01 22:33:24'),
(6, 'Susan', '86668666', '070', 'Jurong West', 'Loan Shark activities in Jurong West', '3', '2021-03-02 15:39:34'),
(7, 'William', '87778777', '050', 'Clementi', 'Fallen Tree at Clementi', '3', '2021-03-02 15:42:35'),
(8, 'Anderson', '88888888', '030', 'Jurong East', 'Theft at Jurong East', '3', '2021-03-03 03:22:53'),
(9, 'Kim', '89998999', '040', 'Toa Payoh', 'Domestic Violence at Toa Payoh', '3', '2021-03-03 08:16:15'),
(10, 'Emily', '90009000', '070', 'Bedok', 'Loan Shark activities at Bedok', '3', '2021-03-03 11:32:27'),
(11, 'Michael ', '911191111', '080', 'Orchard Road', 'Fighting at Orchard Road', '3', '2021-03-03 14:35:33'),
(12, 'Adam', '92229222', '080', 'Yishun', 'Car stolen at Yishun', '3', '2021-03-03 18:18:40'),
(13, 'Daniel', '93339333', '050', 'Serangoon', 'Fallen Tree at Serangoon', '3', '2021-03-03 21:50:36'),
(14, 'Karen', '94449444', '010', 'Novena', 'Fire at Novena', '3', '2021-03-04 12:17:24'),
(15, 'Charlotte', '95559555', '060', 'Bukit Timah', 'Traffic Accident at Bukit Timah\r\n', '3', '2021-03-04 16:18:20'),
(16, 'Alice', '96669666', '080', 'East Coast Park', 'Drug Use at East Coast Park', '3', '2021-03-04 22:30:18'),
(17, 'Jackson', '97779777', '080', 'Singapore River', 'Someone fell into the Singapore River', '3', '2021-03-05 03:55:16'),
(18, 'John', '98889888', '060', 'Geylang', 'Traffic Accident at Geylang', '3', '2021-03-05 08:58:21'),
(19, 'Lucas', '99999999', '010', 'Newton', 'Fire at Newton', '3', '2021-03-05 14:15:57');

-- --------------------------------------------------------

--
-- Table structure for table `incident_status`
--

CREATE TABLE `incident_status` (
  `incident_status_id` varchar(1) NOT NULL,
  `incident_status_desc` varchar(20) NOT NULL
) ENGINE=InnoDB DEFAULT CHARSET=latin1;

--
-- Dumping data for table `incident_status`
--

INSERT INTO `incident_status` (`incident_status_id`, `incident_status_desc`) VALUES
('1', 'Pending'),
('2', 'Dispatched'),
('3', 'Completed');

-- --------------------------------------------------------

--
-- Table structure for table `incident_type`
--

CREATE TABLE `incident_type` (
  `incident_type_id` varchar(3) NOT NULL,
  `incident_type_desc` varchar(20) NOT NULL
) ENGINE=InnoDB DEFAULT CHARSET=latin1;

--
-- Dumping data for table `incident_type`
--

INSERT INTO `incident_type` (`incident_type_id`, `incident_type_desc`) VALUES
('010', 'Fire'),
('020', 'Riot'),
('030', 'Burglary'),
('040', 'Domestic Violence'),
('050', 'Fallen Tree'),
('060', 'Traffic Accident'),
('070', 'Loan Shark'),
('080', 'Others');

-- --------------------------------------------------------

--
-- Table structure for table `patrolcar`
--

CREATE TABLE `patrolcar` (
  `patrolcar_id` varchar(10) NOT NULL,
  `patrolcar_status_id` varchar(1) NOT NULL
) ENGINE=InnoDB DEFAULT CHARSET=latin1;

--
-- Dumping data for table `patrolcar`
--

INSERT INTO `patrolcar` (`patrolcar_id`, `patrolcar_status_id`) VALUES
('QX1141A', '3'),
('QX2153B', '3'),
('QX2371A', '3'),
('QX3311C', '3'),
('QX4377P', '3'),
('QX4535F', '3'),
('QX4812L', '3'),
('QX5312C', '3'),
('QX5322G', '3'),
('QX9844M', '3');

-- --------------------------------------------------------

--
-- Table structure for table `patrolcar_status`
--

CREATE TABLE `patrolcar_status` (
  `patrolcar_status_id` varchar(1) NOT NULL,
  `patrolcar_status_desc` varchar(20) NOT NULL
) ENGINE=InnoDB DEFAULT CHARSET=latin1;

--
-- Dumping data for table `patrolcar_status`
--

INSERT INTO `patrolcar_status` (`patrolcar_status_id`, `patrolcar_status_desc`) VALUES
('4', 'Arrived'),
('1', 'Dispatched'),
('3', 'Free'),
('2', 'Patrol');

-- --------------------------------------------------------

--
-- Table structure for table `pma__bookmark`
--

CREATE TABLE `pma__bookmark` (
  `id` int(10) UNSIGNED NOT NULL,
  `dbase` varchar(255) COLLATE utf8_bin NOT NULL DEFAULT '',
  `user` varchar(255) COLLATE utf8_bin NOT NULL DEFAULT '',
  `label` varchar(255) CHARACTER SET utf8 NOT NULL DEFAULT '',
  `query` text COLLATE utf8_bin NOT NULL
) ENGINE=InnoDB DEFAULT CHARSET=utf8 COLLATE=utf8_bin COMMENT='Bookmarks';

-- --------------------------------------------------------

--
-- Table structure for table `pma__central_columns`
--

CREATE TABLE `pma__central_columns` (
  `db_name` varchar(64) COLLATE utf8_bin NOT NULL,
  `col_name` varchar(64) COLLATE utf8_bin NOT NULL,
  `col_type` varchar(64) COLLATE utf8_bin NOT NULL,
  `col_length` text COLLATE utf8_bin DEFAULT NULL,
  `col_collation` varchar(64) COLLATE utf8_bin NOT NULL,
  `col_isNull` tinyint(1) NOT NULL,
  `col_extra` varchar(255) COLLATE utf8_bin DEFAULT '',
  `col_default` text COLLATE utf8_bin DEFAULT NULL
) ENGINE=InnoDB DEFAULT CHARSET=utf8 COLLATE=utf8_bin COMMENT='Central list of columns';

-- --------------------------------------------------------

--
-- Table structure for table `pma__column_info`
--

CREATE TABLE `pma__column_info` (
  `id` int(5) UNSIGNED NOT NULL,
  `db_name` varchar(64) COLLATE utf8_bin NOT NULL DEFAULT '',
  `table_name` varchar(64) COLLATE utf8_bin NOT NULL DEFAULT '',
  `column_name` varchar(64) COLLATE utf8_bin NOT NULL DEFAULT '',
  `comment` varchar(255) CHARACTER SET utf8 NOT NULL DEFAULT '',
  `mimetype` varchar(255) CHARACTER SET utf8 NOT NULL DEFAULT '',
  `transformation` varchar(255) COLLATE utf8_bin NOT NULL DEFAULT '',
  `transformation_options` varchar(255) COLLATE utf8_bin NOT NULL DEFAULT '',
  `input_transformation` varchar(255) COLLATE utf8_bin NOT NULL DEFAULT '',
  `input_transformation_options` varchar(255) COLLATE utf8_bin NOT NULL DEFAULT ''
) ENGINE=InnoDB DEFAULT CHARSET=utf8 COLLATE=utf8_bin COMMENT='Column information for phpMyAdmin';

-- --------------------------------------------------------

--
-- Table structure for table `pma__designer_settings`
--

CREATE TABLE `pma__designer_settings` (
  `username` varchar(64) COLLATE utf8_bin NOT NULL,
  `settings_data` text COLLATE utf8_bin NOT NULL
) ENGINE=InnoDB DEFAULT CHARSET=utf8 COLLATE=utf8_bin COMMENT='Settings related to Designer';

-- --------------------------------------------------------

--
-- Table structure for table `pma__export_templates`
--

CREATE TABLE `pma__export_templates` (
  `id` int(5) UNSIGNED NOT NULL,
  `username` varchar(64) COLLATE utf8_bin NOT NULL,
  `export_type` varchar(10) COLLATE utf8_bin NOT NULL,
  `template_name` varchar(64) COLLATE utf8_bin NOT NULL,
  `template_data` text COLLATE utf8_bin NOT NULL
) ENGINE=InnoDB DEFAULT CHARSET=utf8 COLLATE=utf8_bin COMMENT='Saved export templates';

-- --------------------------------------------------------

--
-- Table structure for table `pma__favorite`
--

CREATE TABLE `pma__favorite` (
  `username` varchar(64) COLLATE utf8_bin NOT NULL,
  `tables` text COLLATE utf8_bin NOT NULL
) ENGINE=InnoDB DEFAULT CHARSET=utf8 COLLATE=utf8_bin COMMENT='Favorite tables';

-- --------------------------------------------------------

--
-- Table structure for table `pma__history`
--

CREATE TABLE `pma__history` (
  `id` bigint(20) UNSIGNED NOT NULL,
  `username` varchar(64) COLLATE utf8_bin NOT NULL DEFAULT '',
  `db` varchar(64) COLLATE utf8_bin NOT NULL DEFAULT '',
  `table` varchar(64) COLLATE utf8_bin NOT NULL DEFAULT '',
  `timevalue` timestamp NOT NULL DEFAULT current_timestamp(),
  `sqlquery` text COLLATE utf8_bin NOT NULL
) ENGINE=InnoDB DEFAULT CHARSET=utf8 COLLATE=utf8_bin COMMENT='SQL history for phpMyAdmin';

-- --------------------------------------------------------

--
-- Table structure for table `pma__navigationhiding`
--

CREATE TABLE `pma__navigationhiding` (
  `username` varchar(64) COLLATE utf8_bin NOT NULL,
  `item_name` varchar(64) COLLATE utf8_bin NOT NULL,
  `item_type` varchar(64) COLLATE utf8_bin NOT NULL,
  `db_name` varchar(64) COLLATE utf8_bin NOT NULL,
  `table_name` varchar(64) COLLATE utf8_bin NOT NULL
) ENGINE=InnoDB DEFAULT CHARSET=utf8 COLLATE=utf8_bin COMMENT='Hidden items of navigation tree';

-- --------------------------------------------------------

--
-- Table structure for table `pma__pdf_pages`
--

CREATE TABLE `pma__pdf_pages` (
  `db_name` varchar(64) COLLATE utf8_bin NOT NULL DEFAULT '',
  `page_nr` int(10) UNSIGNED NOT NULL,
  `page_descr` varchar(50) CHARACTER SET utf8 NOT NULL DEFAULT ''
) ENGINE=InnoDB DEFAULT CHARSET=utf8 COLLATE=utf8_bin COMMENT='PDF relation pages for phpMyAdmin';

-- --------------------------------------------------------

--
-- Table structure for table `pma__recent`
--

CREATE TABLE `pma__recent` (
  `username` varchar(64) COLLATE utf8_bin NOT NULL,
  `tables` text COLLATE utf8_bin NOT NULL
) ENGINE=InnoDB DEFAULT CHARSET=utf8 COLLATE=utf8_bin COMMENT='Recently accessed tables';

-- --------------------------------------------------------

--
-- Table structure for table `pma__relation`
--

CREATE TABLE `pma__relation` (
  `master_db` varchar(64) COLLATE utf8_bin NOT NULL DEFAULT '',
  `master_table` varchar(64) COLLATE utf8_bin NOT NULL DEFAULT '',
  `master_field` varchar(64) COLLATE utf8_bin NOT NULL DEFAULT '',
  `foreign_db` varchar(64) COLLATE utf8_bin NOT NULL DEFAULT '',
  `foreign_table` varchar(64) COLLATE utf8_bin NOT NULL DEFAULT '',
  `foreign_field` varchar(64) COLLATE utf8_bin NOT NULL DEFAULT ''
) ENGINE=InnoDB DEFAULT CHARSET=utf8 COLLATE=utf8_bin COMMENT='Relation table';

-- --------------------------------------------------------

--
-- Table structure for table `pma__savedsearches`
--

CREATE TABLE `pma__savedsearches` (
  `id` int(5) UNSIGNED NOT NULL,
  `username` varchar(64) COLLATE utf8_bin NOT NULL DEFAULT '',
  `db_name` varchar(64) COLLATE utf8_bin NOT NULL DEFAULT '',
  `search_name` varchar(64) COLLATE utf8_bin NOT NULL DEFAULT '',
  `search_data` text COLLATE utf8_bin NOT NULL
) ENGINE=InnoDB DEFAULT CHARSET=utf8 COLLATE=utf8_bin COMMENT='Saved searches';

-- --------------------------------------------------------

--
-- Table structure for table `pma__table_coords`
--

CREATE TABLE `pma__table_coords` (
  `db_name` varchar(64) COLLATE utf8_bin NOT NULL DEFAULT '',
  `table_name` varchar(64) COLLATE utf8_bin NOT NULL DEFAULT '',
  `pdf_page_number` int(11) NOT NULL DEFAULT 0,
  `x` float UNSIGNED NOT NULL DEFAULT 0,
  `y` float UNSIGNED NOT NULL DEFAULT 0
) ENGINE=InnoDB DEFAULT CHARSET=utf8 COLLATE=utf8_bin COMMENT='Table coordinates for phpMyAdmin PDF output';

-- --------------------------------------------------------

--
-- Table structure for table `pma__table_info`
--

CREATE TABLE `pma__table_info` (
  `db_name` varchar(64) COLLATE utf8_bin NOT NULL DEFAULT '',
  `table_name` varchar(64) COLLATE utf8_bin NOT NULL DEFAULT '',
  `display_field` varchar(64) COLLATE utf8_bin NOT NULL DEFAULT ''
) ENGINE=InnoDB DEFAULT CHARSET=utf8 COLLATE=utf8_bin COMMENT='Table information for phpMyAdmin';

-- --------------------------------------------------------

--
-- Table structure for table `pma__table_uiprefs`
--

CREATE TABLE `pma__table_uiprefs` (
  `username` varchar(64) COLLATE utf8_bin NOT NULL,
  `db_name` varchar(64) COLLATE utf8_bin NOT NULL,
  `table_name` varchar(64) COLLATE utf8_bin NOT NULL,
  `prefs` text COLLATE utf8_bin NOT NULL,
  `last_update` timestamp NOT NULL DEFAULT current_timestamp() ON UPDATE current_timestamp()
) ENGINE=InnoDB DEFAULT CHARSET=utf8 COLLATE=utf8_bin COMMENT='Tables'' UI preferences';

-- --------------------------------------------------------

--
-- Table structure for table `pma__tracking`
--

CREATE TABLE `pma__tracking` (
  `db_name` varchar(64) COLLATE utf8_bin NOT NULL,
  `table_name` varchar(64) COLLATE utf8_bin NOT NULL,
  `version` int(10) UNSIGNED NOT NULL,
  `date_created` datetime NOT NULL,
  `date_updated` datetime NOT NULL,
  `schema_snapshot` text COLLATE utf8_bin NOT NULL,
  `schema_sql` text COLLATE utf8_bin DEFAULT NULL,
  `data_sql` longtext COLLATE utf8_bin DEFAULT NULL,
  `tracking` set('UPDATE','REPLACE','INSERT','DELETE','TRUNCATE','CREATE DATABASE','ALTER DATABASE','DROP DATABASE','CREATE TABLE','ALTER TABLE','RENAME TABLE','DROP TABLE','CREATE INDEX','DROP INDEX','CREATE VIEW','ALTER VIEW','DROP VIEW') COLLATE utf8_bin DEFAULT NULL,
  `tracking_active` int(1) UNSIGNED NOT NULL DEFAULT 1
) ENGINE=InnoDB DEFAULT CHARSET=utf8 COLLATE=utf8_bin COMMENT='Database changes tracking for phpMyAdmin';

-- --------------------------------------------------------

--
-- Table structure for table `pma__userconfig`
--

CREATE TABLE `pma__userconfig` (
  `username` varchar(64) COLLATE utf8_bin NOT NULL,
  `timevalue` timestamp NOT NULL DEFAULT current_timestamp() ON UPDATE current_timestamp(),
  `config_data` text COLLATE utf8_bin NOT NULL
) ENGINE=InnoDB DEFAULT CHARSET=utf8 COLLATE=utf8_bin COMMENT='User preferences storage for phpMyAdmin';

-- --------------------------------------------------------

--
-- Table structure for table `pma__usergroups`
--

CREATE TABLE `pma__usergroups` (
  `usergroup` varchar(64) COLLATE utf8_bin NOT NULL,
  `tab` varchar(64) COLLATE utf8_bin NOT NULL,
  `allowed` enum('Y','N') COLLATE utf8_bin NOT NULL DEFAULT 'N'
) ENGINE=InnoDB DEFAULT CHARSET=utf8 COLLATE=utf8_bin COMMENT='User groups with configured menu items';

-- --------------------------------------------------------

--
-- Table structure for table `pma__users`
--

CREATE TABLE `pma__users` (
  `username` varchar(64) COLLATE utf8_bin NOT NULL,
  `usergroup` varchar(64) COLLATE utf8_bin NOT NULL
) ENGINE=InnoDB DEFAULT CHARSET=utf8 COLLATE=utf8_bin COMMENT='Users and their assignments to user groups';

-- --------------------------------------------------------

--
-- Table structure for table `users`
--

CREATE TABLE `users` (
  `username` varchar(11) NOT NULL,
  `password` varchar(11) NOT NULL
) ENGINE=InnoDB DEFAULT CHARSET=latin1;

--
-- Dumping data for table `users`
--

INSERT INTO `users` (`username`, `password`) VALUES
('Ariq', 'ariq123');

--
-- Indexes for dumped tables
--

--
-- Indexes for table `dispatch`
--
ALTER TABLE `dispatch`
  ADD PRIMARY KEY (`incident_id`,`patrolcar_id`),
  ADD KEY `patrolcar_id` (`patrolcar_id`);

--
-- Indexes for table `incident`
--
ALTER TABLE `incident`
  ADD PRIMARY KEY (`incident_id`),
  ADD KEY `incident_type_id` (`incident_type_id`,`incident_status_id`),
  ADD KEY `incident_status_id` (`incident_status_id`);

--
-- Indexes for table `incident_status`
--
ALTER TABLE `incident_status`
  ADD PRIMARY KEY (`incident_status_id`);

--
-- Indexes for table `incident_type`
--
ALTER TABLE `incident_type`
  ADD PRIMARY KEY (`incident_type_id`);

--
-- Indexes for table `patrolcar`
--
ALTER TABLE `patrolcar`
  ADD PRIMARY KEY (`patrolcar_id`),
  ADD KEY `patrolcar_status_id` (`patrolcar_status_id`);

--
-- Indexes for table `patrolcar_status`
--
ALTER TABLE `patrolcar_status`
  ADD PRIMARY KEY (`patrolcar_status_id`),
  ADD KEY `patrolcar_status_desc` (`patrolcar_status_desc`);

--
-- Indexes for table `pma__bookmark`
--
ALTER TABLE `pma__bookmark`
  ADD PRIMARY KEY (`id`);

--
-- Indexes for table `pma__central_columns`
--
ALTER TABLE `pma__central_columns`
  ADD PRIMARY KEY (`db_name`,`col_name`);

--
-- Indexes for table `pma__column_info`
--
ALTER TABLE `pma__column_info`
  ADD PRIMARY KEY (`id`),
  ADD UNIQUE KEY `db_name` (`db_name`,`table_name`,`column_name`);

--
-- Indexes for table `pma__designer_settings`
--
ALTER TABLE `pma__designer_settings`
  ADD PRIMARY KEY (`username`);

--
-- Indexes for table `pma__export_templates`
--
ALTER TABLE `pma__export_templates`
  ADD PRIMARY KEY (`id`),
  ADD UNIQUE KEY `u_user_type_template` (`username`,`export_type`,`template_name`);

--
-- Indexes for table `pma__favorite`
--
ALTER TABLE `pma__favorite`
  ADD PRIMARY KEY (`username`);

--
-- Indexes for table `pma__history`
--
ALTER TABLE `pma__history`
  ADD PRIMARY KEY (`id`),
  ADD KEY `username` (`username`,`db`,`table`,`timevalue`);

--
-- Indexes for table `pma__navigationhiding`
--
ALTER TABLE `pma__navigationhiding`
  ADD PRIMARY KEY (`username`,`item_name`,`item_type`,`db_name`,`table_name`);

--
-- Indexes for table `pma__pdf_pages`
--
ALTER TABLE `pma__pdf_pages`
  ADD PRIMARY KEY (`page_nr`),
  ADD KEY `db_name` (`db_name`);

--
-- Indexes for table `pma__recent`
--
ALTER TABLE `pma__recent`
  ADD PRIMARY KEY (`username`);

--
-- Indexes for table `pma__relation`
--
ALTER TABLE `pma__relation`
  ADD PRIMARY KEY (`master_db`,`master_table`,`master_field`),
  ADD KEY `foreign_field` (`foreign_db`,`foreign_table`);

--
-- Indexes for table `pma__savedsearches`
--
ALTER TABLE `pma__savedsearches`
  ADD PRIMARY KEY (`id`),
  ADD UNIQUE KEY `u_savedsearches_username_dbname` (`username`,`db_name`,`search_name`);

--
-- Indexes for table `pma__table_coords`
--
ALTER TABLE `pma__table_coords`
  ADD PRIMARY KEY (`db_name`,`table_name`,`pdf_page_number`);

--
-- Indexes for table `pma__table_info`
--
ALTER TABLE `pma__table_info`
  ADD PRIMARY KEY (`db_name`,`table_name`);

--
-- Indexes for table `pma__table_uiprefs`
--
ALTER TABLE `pma__table_uiprefs`
  ADD PRIMARY KEY (`username`,`db_name`,`table_name`);

--
-- Indexes for table `pma__tracking`
--
ALTER TABLE `pma__tracking`
  ADD PRIMARY KEY (`db_name`,`table_name`,`version`);

--
-- Indexes for table `pma__userconfig`
--
ALTER TABLE `pma__userconfig`
  ADD PRIMARY KEY (`username`);

--
-- Indexes for table `pma__usergroups`
--
ALTER TABLE `pma__usergroups`
  ADD PRIMARY KEY (`usergroup`,`tab`,`allowed`);

--
-- Indexes for table `pma__users`
--
ALTER TABLE `pma__users`
  ADD PRIMARY KEY (`username`,`usergroup`);

--
-- Indexes for table `users`
--
ALTER TABLE `users`
  ADD PRIMARY KEY (`username`);

--
-- AUTO_INCREMENT for dumped tables
--

--
-- AUTO_INCREMENT for table `incident`
--
ALTER TABLE `incident`
  MODIFY `incident_id` int(11) NOT NULL AUTO_INCREMENT, AUTO_INCREMENT=20;

--
-- AUTO_INCREMENT for table `pma__bookmark`
--
ALTER TABLE `pma__bookmark`
  MODIFY `id` int(10) UNSIGNED NOT NULL AUTO_INCREMENT;

--
-- AUTO_INCREMENT for table `pma__column_info`
--
ALTER TABLE `pma__column_info`
  MODIFY `id` int(5) UNSIGNED NOT NULL AUTO_INCREMENT;

--
-- AUTO_INCREMENT for table `pma__export_templates`
--
ALTER TABLE `pma__export_templates`
  MODIFY `id` int(5) UNSIGNED NOT NULL AUTO_INCREMENT;

--
-- AUTO_INCREMENT for table `pma__history`
--
ALTER TABLE `pma__history`
  MODIFY `id` bigint(20) UNSIGNED NOT NULL AUTO_INCREMENT;

--
-- AUTO_INCREMENT for table `pma__pdf_pages`
--
ALTER TABLE `pma__pdf_pages`
  MODIFY `page_nr` int(10) UNSIGNED NOT NULL AUTO_INCREMENT;

--
-- AUTO_INCREMENT for table `pma__savedsearches`
--
ALTER TABLE `pma__savedsearches`
  MODIFY `id` int(5) UNSIGNED NOT NULL AUTO_INCREMENT;

--
-- Constraints for dumped tables
--

--
-- Constraints for table `dispatch`
--
ALTER TABLE `dispatch`
  ADD CONSTRAINT `dispatch_ibfk_1` FOREIGN KEY (`patrolcar_id`) REFERENCES `patrolcar` (`patrolcar_id`),
  ADD CONSTRAINT `dispatch_ibfk_2` FOREIGN KEY (`incident_id`) REFERENCES `incident` (`incident_id`);

--
-- Constraints for table `incident`
--
ALTER TABLE `incident`
  ADD CONSTRAINT `incident_ibfk_1` FOREIGN KEY (`incident_type_id`) REFERENCES `incident_type` (`incident_type_id`),
  ADD CONSTRAINT `incident_ibfk_2` FOREIGN KEY (`incident_status_id`) REFERENCES `incident_status` (`incident_status_id`);

--
-- Constraints for table `patrolcar`
--
ALTER TABLE `patrolcar`
  ADD CONSTRAINT `patrolcar_ibfk_1` FOREIGN KEY (`patrolcar_status_id`) REFERENCES `patrolcar_status` (`patrolcar_status_id`);
COMMIT;

/*!40101 SET CHARACTER_SET_CLIENT=@OLD_CHARACTER_SET_CLIENT */;
/*!40101 SET CHARACTER_SET_RESULTS=@OLD_CHARACTER_SET_RESULTS */;
/*!40101 SET COLLATION_CONNECTION=@OLD_COLLATION_CONNECTION */;
